path,name
https://github.com/lwhite1/tablesaw,lwhite1/tablesaw
https://github.com/danielgronau/highj,danielgronau/highj
https://github.com/brunoribeiro/sql-parser,brunoribeiro/sql-parser
https://github.com/pandcorps/pandam,pandcorps/pandam
https://github.com/glenkpeterson/j-sicle,glenkpeterson/j-sicle
https://github.com/cloudslang/score,cloudslang/score
https://github.com/mangstadt/ez-vcard,mangstadt/ez-vcard
https://github.com/allan-huang/remote-procedure-call,allan-huang/remote-procedure-call
https://github.com/cloudslab/cloudsim,cloudslab/cloudsim
https://github.com/glenkpeterson/j-cicle,glenkpeterson/j-cicle
https://github.com/spotify/ffwd-java,spotify/ffwd-java
https://github.com/jkotlinski/lsdpatch,jkotlinski/lsdpatch
https://github.com/apache/directory-kerby,apache/directory-kerby
https://github.com/connorlinfoot/cratesplus,connorlinfoot/cratesplus
https://github.com/kshchepanovskyi/zkcopy,kshchepanovskyi/zkcopy
https://github.com/ekryd/sortpom,ekryd/sortpom
https://github.com/semanticvectors/semanticvectors,semanticvectors/semanticvectors
https://github.com/wnbittle/dyn4j,wnbittle/dyn4j
https://github.com/cjwizard/cjwizard,cjwizard/cjwizard
https://github.com/iterate-ch/java-openstack-swift,iterate-ch/java-openstack-swift
https://github.com/qubole/presto-udfs,qubole/presto-udfs
https://github.com/trung/inmemoryjavacompiler,trung/inmemoryjavacompiler
https://github.com/conveyal/osm-lib,conveyal/osm-lib
https://github.com/jexp/neo4j-rdbms-import,jexp/neo4j-rdbms-import
https://github.com/openhft/chronicle-bytes,openhft/chronicle-bytes
https://github.com/openhft/chronicle-threads,openhft/chronicle-threads
https://github.com/brooklyncentral/brooklyn-ambari,brooklyncentral/brooklyn-ambari
https://github.com/intcode/sweetie,intcode/sweetie
https://github.com/arcbees/arcbees-archetypes,arcbees/arcbees-archetypes
https://github.com/oauth-apis/apis,oauth-apis/apis
https://github.com/googlecloudplatform/gcloud-java,googlecloudplatform/gcloud-java
https://github.com/jai-imageio/jai-imageio-jpeg2000,jai-imageio/jai-imageio-jpeg2000
https://github.com/benas/projector,benas/projector
https://github.com/taotaotheripper/sault,taotaotheripper/sault
https://github.com/tarql/tarql,tarql/tarql
https://github.com/mypurecloud/elasticsearch-lambda,mypurecloud/elasticsearch-lambda
https://github.com/mjsax/aeolus,mjsax/aeolus
https://github.com/campagnelaboratory/metar,campagnelaboratory/metar
https://github.com/openhft/chronicle-network,openhft/chronicle-network
https://github.com/stevespringett/dependency-check-sonar-plugin,stevespringett/dependency-check-sonar-plugin
https://github.com/square/javapoet,square/javapoet
https://github.com/javaparser/javaparser,javaparser/javaparser
https://github.com/eskatos/asadmin,eskatos/asadmin
https://github.com/corfudb/corfudb,corfudb/corfudb
https://github.com/wildfly/jandex-maven-plugin,wildfly/jandex-maven-plugin
https://github.com/pablissimo/sonartsplugin,pablissimo/sonartsplugin
https://github.com/atorstling/bychan,atorstling/bychan
https://github.com/aweber/rabbitmq-flume-plugin,aweber/rabbitmq-flume-plugin
https://github.com/outbrain/ob1k,outbrain/ob1k
https://github.com/awslabs/amazon-sqs-java-messaging-lib,awslabs/amazon-sqs-java-messaging-lib
https://github.com/keedio/flume-ng-sql-source,keedio/flume-ng-sql-source
https://github.com/keedio/flume-ftp-source,keedio/flume-ftp-source
https://github.com/lazaromedina/flume-ftp-source,lazaromedina/flume-ftp-source
https://github.com/release-engineering/pom-manipulation-ext,release-engineering/pom-manipulation-ext
https://github.com/martinpaljak/globalplatformpro,martinpaljak/globalplatformpro
https://github.com/bedatadriven/jackson-datatype-jts,bedatadriven/jackson-datatype-jts
https://github.com/sviperll/static-mustache,sviperll/static-mustache
https://github.com/tasermonkey/thumbnailator,tasermonkey/thumbnailator
https://github.com/davidmoten/rxjava-extras,davidmoten/rxjava-extras
https://github.com/einsamhauer/disthene-reader,einsamhauer/disthene-reader
https://github.com/cternes/openkeepass,cternes/openkeepass
https://github.com/snazy/ohc,snazy/ohc
https://github.com/tpietzsch/bigdataviewer-core,tpietzsch/bigdataviewer-core
https://github.com/flipkart-incubator/zjsonpatch,flipkart-incubator/zjsonpatch
https://github.com/vert-x3/vertx-docgen,vert-x3/vertx-docgen
https://github.com/jparsec/jparsec,jparsec/jparsec
https://github.com/atam4j/atam4j,atam4j/atam4j
https://github.com/kaazing/k3po,kaazing/k3po
https://github.com/digidotcom/xbeejavalibrary,digidotcom/xbeejavalibrary
https://github.com/igniterealtime/tinder,igniterealtime/tinder
https://github.com/circuitsoftgroup/slackmc,circuitsoftgroup/slackmc
https://github.com/gpedro/slack-webhook,gpedro/slack-webhook
https://github.com/sandergielisse/enderstone,sandergielisse/enderstone
https://github.com/apache/incubator-tamaya,apache/incubator-tamaya
https://github.com/finraos/jtaf-xcore,finraos/jtaf-xcore
https://github.com/syncleus/ferma,syncleus/ferma
https://github.com/acciente/oacc-core,acciente/oacc-core
https://github.com/forcedotcom/analytics-cloud-dataset-utils,forcedotcom/analytics-cloud-dataset-utils
https://github.com/sander2798/enderstone,sander2798/enderstone
https://github.com/swagger-api/swagger-parser,swagger-api/swagger-parser
https://github.com/augustt198/lumen,augustt198/lumen
https://github.com/tech-advantage/sonar-gerrit-plugin,tech-advantage/sonar-gerrit-plugin
https://github.com/jodastephen/property-alliance,jodastephen/property-alliance
https://github.com/softinstigate/restheart,softinstigate/restheart
https://github.com/googlecloudplatform/gcloud-maven-plugin,googlecloudplatform/gcloud-maven-plugin
https://github.com/aws/aws-cloudtrail-processing-library,aws/aws-cloudtrail-processing-library
https://github.com/tracee/tracee,tracee/tracee
https://github.com/egineering-llc/collectd-fast-jmx,egineering-llc/collectd-fast-jmx
https://github.com/heroku/heroku-maven-plugin,heroku/heroku-maven-plugin
https://github.com/petitparser/java-petitparser,petitparser/java-petitparser
https://github.com/pedrovgs/algorithms,pedrovgs/algorithms
https://github.com/fenixedu/fenixedu-academic,fenixedu/fenixedu-academic
https://github.com/vojtechhabarta/typescript-generator,vojtechhabarta/typescript-generator
https://github.com/unitsofmeasurement/uom-se,unitsofmeasurement/uom-se
https://github.com/michaelwittig/java-q,michaelwittig/java-q
https://github.com/tkelley-eg/collectd-fast-jmx,tkelley-eg/collectd-fast-jmx
https://github.com/schema-repo/schema-repo,schema-repo/schema-repo
https://github.com/matthias247/jawampa,matthias247/jawampa
https://github.com/esapi/esapi-java-legacy,esapi/esapi-java-legacy
https://github.com/blockchain/api-v1-client-java,blockchain/api-v1-client-java
https://github.com/plum-umd/rubah,plum-umd/rubah
https://github.com/simpligility/android-ndk-maven-plugin,simpligility/android-ndk-maven-plugin
https://github.com/konloch/bytecode-viewer,konloch/bytecode-viewer
https://github.com/datumbox/datumbox-framework,datumbox/datumbox-framework
https://github.com/unruly/junit-rules,unruly/junit-rules
https://github.com/danielnorberg/auto-matter,danielnorberg/auto-matter
https://github.com/imglib/imglib2,imglib/imglib2
https://github.com/sstrickx/yahoofinance-api,sstrickx/yahoofinance-api
https://github.com/telefonicaid/netphony-network-protocols,telefonicaid/netphony-network-protocols
https://github.com/codeine-cd/codeine,codeine-cd/codeine
https://github.com/graphity/graphity-client,graphity/graphity-client
https://github.com/cognitect-labs/transducers-java,cognitect-labs/transducers-java
https://github.com/accla/d4m_api_java,accla/d4m_api_java
https://github.com/sockeqwe/annotatedadapter,sockeqwe/annotatedadapter
https://github.com/google/identity-toolkit-java-client,google/identity-toolkit-java-client
https://github.com/statefulj/statefulj,statefulj/statefulj
https://github.com/greenmail-mail-test/greenmail,greenmail-mail-test/greenmail
https://github.com/openskynetwork/java-adsb,openskynetwork/java-adsb
https://github.com/btrplace/scheduler,btrplace/scheduler
https://github.com/clickntap/vimeo,clickntap/vimeo
https://github.com/graylog2/graylog2-alarmcallback-slack,graylog2/graylog2-alarmcallback-slack
https://github.com/fit2cloud/qingcloud-api-java-wrapper,fit2cloud/qingcloud-api-java-wrapper
https://github.com/feroult/yawp,feroult/yawp
https://github.com/brettwooldridge/hikarijson,brettwooldridge/hikarijson
https://github.com/abel533/echarts,abel533/echarts
https://github.com/bluebreezecf/sparkjobserverclient,bluebreezecf/sparkjobserverclient
https://github.com/kurbatov/firmata4j,kurbatov/firmata4j
https://github.com/tdesjardins/gwt-ol3-playground,tdesjardins/gwt-ol3-playground
https://github.com/jwtk/jjwt,jwtk/jjwt
https://github.com/square/burst,square/burst
https://github.com/opentosca/container,opentosca/container
https://github.com/prism/prism-bukkit,prism/prism-bukkit
https://github.com/sd4324530/fastweixin,sd4324530/fastweixin
https://github.com/brndnmtthws/hdfs,brndnmtthws/hdfs
https://github.com/dschulten/hydra-java,dschulten/hydra-java
https://github.com/appstatus/appstatus,appstatus/appstatus
https://github.com/azuread/azure-activedirectory-library-for-java,azuread/azure-activedirectory-library-for-java
https://github.com/shhs-coding-club/drugwars,shhs-coding-club/drugwars
https://github.com/renggli/java-petitparser,renggli/java-petitparser
https://github.com/nmdp-bioinformatics/ngs,nmdp-bioinformatics/ngs
https://github.com/heroku/java-getting-started,heroku/java-getting-started
https://github.com/davidmoten/rtree,davidmoten/rtree
https://github.com/beastmachine/ggplot,beastmachine/ggplot
https://github.com/premium-minds/pm-wicket-utils,premium-minds/pm-wicket-utils
https://github.com/codelibs/elasticsearch-dynarank,codelibs/elasticsearch-dynarank
https://github.com/mcupak/beacon-of-beacons,mcupak/beacon-of-beacons
https://github.com/lyogavin/pistachio,lyogavin/pistachio
https://github.com/google/error-prone,google/error-prone
https://github.com/projectblueshift/blueshiftapi,projectblueshift/blueshiftapi
https://github.com/tuck182/harmony-java-client,tuck182/harmony-java-client
https://github.com/tabulapdf/tabula-java,tabulapdf/tabula-java
https://github.com/poetix/protonpack,poetix/protonpack
https://github.com/swagger-api/validator-badge,swagger-api/validator-badge
https://github.com/yfpeng/pengyifan-leetcode,yfpeng/pengyifan-leetcode
https://github.com/vietj/modsh,vietj/modsh
https://github.com/xaverw/msearch,xaverw/msearch
https://github.com/nhl/link-etl,nhl/link-etl
https://github.com/jenkinsci/junit-plugin,jenkinsci/junit-plugin
https://github.com/camunda/camunda-bpm-mockito,camunda/camunda-bpm-mockito
https://github.com/spotify/elasticsearch-index-window,spotify/elasticsearch-index-window
https://github.com/xerial/sqlite-jdbc,xerial/sqlite-jdbc
https://github.com/graphaware/neo4j-noderank,graphaware/neo4j-noderank
https://github.com/mavocz/smscsim,mavocz/smscsim
https://github.com/mongobee/mongobee,mongobee/mongobee
https://github.com/docopt/docopt.java,docopt/docopt.java
https://github.com/dropwizard/dropwizard-flyway,dropwizard/dropwizard-flyway
https://github.com/pragmatists/junitparams,pragmatists/junitparams
https://github.com/commons-rdf/commons-rdf,commons-rdf/commons-rdf
https://github.com/jdatepicker/jdatepicker,jdatepicker/jdatepicker
https://github.com/jlinn/quartz-redis-jobstore,jlinn/quartz-redis-jobstore
https://github.com/cognitect/transit-java,cognitect/transit-java
https://github.com/adoptopenjdk/mjprof,adoptopenjdk/mjprof
https://github.com/ahome-it/lienzo-core,ahome-it/lienzo-core
https://github.com/stackforge/monasca-common,stackforge/monasca-common
https://github.com/sockeqwe/fragmentargs,sockeqwe/fragmentargs
https://github.com/vdenotaris/spring-boot-security-saml-sample,vdenotaris/spring-boot-security-saml-sample
https://github.com/fex-team/fis-velocity-tools,fex-team/fis-velocity-tools
https://github.com/kaazing/robot,kaazing/robot
https://github.com/ehcache/sizeof,ehcache/sizeof
https://github.com/jprante/elasticsearch-csv,jprante/elasticsearch-csv
https://github.com/theupswell/appengine-counter,theupswell/appengine-counter
https://github.com/andreaskl/springboot-angular-atmosphere-quickstart,andreaskl/springboot-angular-atmosphere-quickstart
https://github.com/codelibs/elasticsearch-reindexing,codelibs/elasticsearch-reindexing
https://github.com/documents4j/documents4j,documents4j/documents4j
https://github.com/dwslab/dwslib,dwslab/dwslib
https://github.com/google/guice,google/guice
https://github.com/dabsquared/gitlab-plugin,dabsquared/gitlab-plugin
https://github.com/plaid/plaid-java,plaid/plaid-java
https://github.com/dgarijo/widoco,dgarijo/widoco
https://github.com/sonarsource/sonar-findbugs,sonarsource/sonar-findbugs
https://github.com/orientechnologies/orientdb-etl,orientechnologies/orientdb-etl
https://github.com/robrua/orianna,robrua/orianna
https://github.com/allanbank/mongodb-async-driver,allanbank/mongodb-async-driver
https://github.com/google/truth,google/truth
https://github.com/pauloricardomg/cassandra-list-subranges,pauloricardomg/cassandra-list-subranges
https://github.com/jdeparser/jdeparser2,jdeparser/jdeparser2
https://github.com/phantomydn/wicket-orientdb,phantomydn/wicket-orientdb
https://github.com/komamitsu/jackson-dataformat-msgpack,komamitsu/jackson-dataformat-msgpack
https://github.com/projectkorra/projectkorra,projectkorra/projectkorra
https://github.com/kvladislav/ticketmanager,kvladislav/ticketmanager
https://github.com/davidmoten/rxjava-slf4j,davidmoten/rxjava-slf4j
https://github.com/apache/metamodel,apache/metamodel
https://github.com/vert-x3/docgen,vert-x3/docgen
https://github.com/edwardcapriolo/nibiru,edwardcapriolo/nibiru
https://github.com/thoqbk/traprange,thoqbk/traprange
https://github.com/jdupl/lancoder,jdupl/lancoder
https://github.com/jmrozanec/cron-utils,jmrozanec/cron-utils
https://github.com/jfaster/mango,jfaster/mango
https://github.com/dropwizard/dropwizard-elasticsearch,dropwizard/dropwizard-elasticsearch
https://github.com/openhab/jmdns,openhab/jmdns
https://github.com/yinlou/mltk,yinlou/mltk
https://github.com/jmeter-maven-plugin/jmeter-maven-plugin,jmeter-maven-plugin/jmeter-maven-plugin
https://github.com/jmetal/jmetal,jmetal/jmetal
https://github.com/darcy-framework/darcy-ui,darcy-framework/darcy-ui
https://github.com/yandex-qatools/postgresql-embedded,yandex-qatools/postgresql-embedded
https://github.com/awslabs/kinesis-log4j-appender,awslabs/kinesis-log4j-appender
https://github.com/onyxbits/raccoon,onyxbits/raccoon
https://github.com/electronicchartcentre/java-vector-tile,electronicchartcentre/java-vector-tile
https://github.com/ebay/xcelite,ebay/xcelite
https://github.com/mrcookieslime/slimefun-3.0,mrcookieslime/slimefun-3.0
https://github.com/unitsofmeasurement/unit-impl-se,unitsofmeasurement/unit-impl-se
https://github.com/deemopen/zkui,deemopen/zkui
https://github.com/uwolfer/gerrit-rest-java-client,uwolfer/gerrit-rest-java-client
https://github.com/gridgain/yardstick,gridgain/yardstick
https://github.com/jvirtanen/nassau,jvirtanen/nassau
https://github.com/appendium/flatpack,appendium/flatpack
https://github.com/apache/olingo-odata4,apache/olingo-odata4
https://github.com/apache/olingo-odata2,apache/olingo-odata2
https://github.com/nurkiewicz/java8-workshop,nurkiewicz/java8-workshop
https://github.com/davidmoten/rxjava-file,davidmoten/rxjava-file
https://github.com/stratehm/stratum-proxy,stratehm/stratum-proxy
https://github.com/emicklei/rendersnake,emicklei/rendersnake
https://github.com/milkbowl/vaultapi,milkbowl/vaultapi
https://github.com/stuartgunter/dropwizard-cassandra,stuartgunter/dropwizard-cassandra
https://github.com/nastel/tnt4j,nastel/tnt4j
https://github.com/guhilling/cdi-test,guhilling/cdi-test
https://github.com/obourgain/elasticsearch-http,obourgain/elasticsearch-http
https://github.com/querydsl/apt-maven-plugin,querydsl/apt-maven-plugin
https://github.com/teamed/qulice,teamed/qulice
https://github.com/google/closure-stylesheets,google/closure-stylesheets
https://github.com/nutzam/nutzwx,nutzam/nutzwx
https://github.com/arcbees/universal-analytics,arcbees/universal-analytics
https://github.com/salyh/elasticsearch-river-imap,salyh/elasticsearch-river-imap
https://github.com/thelinmichael/spotify-web-api-java,thelinmichael/spotify-web-api-java
https://github.com/joschi/dropwizard-flyway,joschi/dropwizard-flyway
https://github.com/whizzosoftware/wzwave,whizzosoftware/wzwave
https://github.com/jcabi/jcabi-w3c,jcabi/jcabi-w3c
https://github.com/cglib/cglib,cglib/cglib
https://github.com/tdebatty/string-similarity,tdebatty/string-similarity
https://github.com/aleksandr-m/gitflow-maven-plugin,aleksandr-m/gitflow-maven-plugin
https://github.com/msopentech/azure-activedirectory-library-for-java,msopentech/azure-activedirectory-library-for-java
https://github.com/rdfhdt/hdt-java,rdfhdt/hdt-java
https://github.com/liyiorg/weixin-popular,liyiorg/weixin-popular
https://github.com/mimno/mallet,mimno/mallet
https://github.com/recruit-tech/redpen,recruit-tech/redpen
https://github.com/evil-co/nbt-lib,evil-co/nbt-lib
https://github.com/fiji/trainable_segmentation,fiji/trainable_segmentation
https://github.com/jvirtanen/parity,jvirtanen/parity
https://github.com/oxo42/stateless4j,oxo42/stateless4j
https://github.com/mooso/azure-tables-hadoop,mooso/azure-tables-hadoop
https://github.com/s4u/pgpverify-maven-plugin,s4u/pgpverify-maven-plugin
https://github.com/wikimedia/search-highlighter,wikimedia/search-highlighter
https://github.com/evolute-pt/dbtransfer,evolute-pt/dbtransfer
https://github.com/heronarts/lx,heronarts/lx
https://github.com/nlpchina/nlp-lang,nlpchina/nlp-lang
https://github.com/turini/vraptor-authz,turini/vraptor-authz
https://github.com/thepoofy/foursquare_v2_java_adapter,thepoofy/foursquare_v2_java_adapter
https://github.com/omnifaces/omnifaces,omnifaces/omnifaces
https://github.com/lemire/externalsortinginjava,lemire/externalsortinginjava
https://github.com/warmuuh/libsass-maven-plugin,warmuuh/libsass-maven-plugin
https://github.com/jenkinsci/docker-build-publish-plugin,jenkinsci/docker-build-publish-plugin
https://github.com/zhegexiaohuozi/jsoupxpath,zhegexiaohuozi/jsoupxpath
https://github.com/jenkinsci/google-oauth-plugin,jenkinsci/google-oauth-plugin
https://github.com/unitsofmeasurement/unit-api,unitsofmeasurement/unit-api
https://github.com/jqm4gwt/jqm4gwt,jqm4gwt/jqm4gwt
https://github.com/erudika/para,erudika/para
https://github.com/mikvor/money-conversion,mikvor/money-conversion
https://github.com/tuanhiep/mqtt-jmeter,tuanhiep/mqtt-jmeter
https://github.com/rcsb/colorbrewer,rcsb/colorbrewer
https://github.com/b/kafka-websocket,b/kafka-websocket
https://github.com/renepickhardt/generalized-language-modeling-toolkit,renepickhardt/generalized-language-modeling-toolkit
https://github.com/kawasima/websocket-classloader,kawasima/websocket-classloader
https://github.com/code4craft/termblog,code4craft/termblog
https://github.com/imagej/imagej-ops,imagej/imagej-ops
https://github.com/socketio4netty/socketio4j,socketio4netty/socketio4j
https://github.com/sonarcommunity/sonar-build-breaker,sonarcommunity/sonar-build-breaker
https://github.com/jmurty/java-xmlbuilder,jmurty/java-xmlbuilder
https://github.com/orctom/was-maven-plugin,orctom/was-maven-plugin
https://github.com/northlander/a,northlander/a
https://github.com/optimaize/language-detector,optimaize/language-detector
https://github.com/stealthly/xml-avro,stealthly/xml-avro
https://github.com/cinovo/cloudconductor-server,cinovo/cloudconductor-server
https://github.com/jenkinsci/bitbucket-plugin,jenkinsci/bitbucket-plugin
https://github.com/rocketscience-projects/javaslang,rocketscience-projects/javaslang
https://github.com/mklemm/jaxb2-rich-contract-plugin,mklemm/jaxb2-rich-contract-plugin
https://github.com/technicpack/launcherv3,technicpack/launcherv3
https://github.com/resty-gwt/resty-gwt,resty-gwt/resty-gwt
https://github.com/smartsheet-platform/smartsheet-java-sdk,smartsheet-platform/smartsheet-java-sdk
https://github.com/iipc/webarchive-commons,iipc/webarchive-commons
https://github.com/aerospike/aerospike-client-java,aerospike/aerospike-client-java
https://github.com/davidmoten/rxjava-jdbc,davidmoten/rxjava-jdbc
https://github.com/tynamo/tapestry-security,tynamo/tapestry-security
https://github.com/needle4j/needle4j,needle4j/needle4j
https://github.com/lusito/gamedevweek,lusito/gamedevweek
https://github.com/eaftan/hprof-parser,eaftan/hprof-parser
https://github.com/hmsonline/storm-cassandra-cql,hmsonline/storm-cassandra-cql
https://github.com/ptgoetz/storm-hdfs,ptgoetz/storm-hdfs
https://github.com/glenkpeterson/fp4java7,glenkpeterson/fp4java7
https://github.com/larsga/duke,larsga/duke
https://github.com/jcabi/jcabi-http,jcabi/jcabi-http
https://github.com/jutzig/github-release-plugin,jutzig/github-release-plugin
https://github.com/meyerjp3/psychometrics,meyerjp3/psychometrics
https://github.com/gbif/name-parser,gbif/name-parser
https://github.com/takari/maven-profiler,takari/maven-profiler
https://github.com/apache/jackrabbit-filevault,apache/jackrabbit-filevault
https://github.com/hdrhistogram/hdrhistogram,hdrhistogram/hdrhistogram
https://github.com/teknux-org/jetty-bootstrap,teknux-org/jetty-bootstrap
https://github.com/fasterxml/jackson-dataformat-cbor,fasterxml/jackson-dataformat-cbor
https://github.com/tomitribe/crest,tomitribe/crest
https://github.com/imixs/imixs-workflow,imixs/imixs-workflow
https://github.com/pydio/pydio-sdk-java,pydio/pydio-sdk-java
https://github.com/radkovo/cssbox,radkovo/cssbox
https://github.com/shimikano/spring-jpa-bulk,shimikano/spring-jpa-bulk
https://github.com/ubervu/elasticsearch-river-github,ubervu/elasticsearch-river-github
https://github.com/vt-middleware/cryptacular,vt-middleware/cryptacular
https://github.com/rncryptor/jncryptor,rncryptor/jncryptor
https://github.com/arnobroekhof/kafka-http-metrics-reporter,arnobroekhof/kafka-http-metrics-reporter
https://github.com/monterail/elasticsearch-analysis-morfologik,monterail/elasticsearch-analysis-morfologik
https://github.com/robotiumtech/robotium,robotiumtech/robotium
https://github.com/glowroot/glowroot,glowroot/glowroot
https://github.com/yfpeng/pengyifan-commons,yfpeng/pengyifan-commons
https://github.com/socialsensor/graphdb-benchmarks,socialsensor/graphdb-benchmarks
https://github.com/addthis/meshy,addthis/meshy
https://github.com/fiji/trackmate,fiji/trackmate
https://github.com/awslabs/amazon-kinesis-client,awslabs/amazon-kinesis-client
https://github.com/zhongdj/lifecycle,zhongdj/lifecycle
https://github.com/yinwang0/rubysonar,yinwang0/rubysonar
https://github.com/gwtbootstrap3/gwtbootstrap3,gwtbootstrap3/gwtbootstrap3
https://github.com/minecrafter/bungeejson,minecrafter/bungeejson
https://github.com/steveice10/packetlib,steveice10/packetlib
https://github.com/codecentric/jmeter-graph-maven-plugin,codecentric/jmeter-graph-maven-plugin
https://github.com/datanucleus/datanucleus-rdbms,datanucleus/datanucleus-rdbms
https://github.com/steveice10/mcprotocollib,steveice10/mcprotocollib
https://github.com/silverpop/engage-api-client,silverpop/engage-api-client
https://github.com/datanucleus/datanucleus-core,datanucleus/datanucleus-core
https://github.com/quux00/simplecsv,quux00/simplecsv
https://github.com/galenframework/galen,galenframework/galen
https://github.com/recommenders/rival,recommenders/rival
https://github.com/theholywaffle/teamspeak-3-java-api,theholywaffle/teamspeak-3-java-api
https://github.com/tdunning/t-digest,tdunning/t-digest
https://github.com/juniper/netconf-java,juniper/netconf-java
https://github.com/dgradecak/alfresco-mvc,dgradecak/alfresco-mvc
https://github.com/mitre/http-proxy-servlet,mitre/http-proxy-servlet
https://github.com/motown-io/motown,motown-io/motown
https://github.com/ingenieux/awseb-deployment-plugin,ingenieux/awseb-deployment-plugin
https://github.com/jcabi/jcabi-github,jcabi/jcabi-github
https://github.com/jreijn/spring-comparing-template-engines,jreijn/spring-comparing-template-engines
https://github.com/glamdring/aardwark,glamdring/aardwark
https://github.com/named-data/jndn,named-data/jndn
https://github.com/raml-org/raml-java-parser,raml-org/raml-java-parser
https://github.com/kimshen/sissi,kimshen/sissi
https://github.com/giltene/jhiccup,giltene/jhiccup
https://github.com/codelibs/elasticsearch-dataformat,codelibs/elasticsearch-dataformat
https://github.com/oldhu/suunto2nike,oldhu/suunto2nike
https://github.com/solovyevk/htm-cla-visualizer,solovyevk/htm-cla-visualizer
https://github.com/jnasmartcardio/jnasmartcardio,jnasmartcardio/jnasmartcardio
https://github.com/apache/commons-jexl,apache/commons-jexl
https://github.com/astefanutti/metrics-cdi,astefanutti/metrics-cdi
https://github.com/spoutcraft/legacylauncher,spoutcraft/legacylauncher
https://github.com/apache/commons-beanutils,apache/commons-beanutils
https://github.com/javamoney/jsr354-ri,javamoney/jsr354-ri
https://github.com/idpf/epubcheck,idpf/epubcheck
https://github.com/oripa/oripa,oripa/oripa
https://github.com/ekt/biblio-transformation-engine,ekt/biblio-transformation-engine
https://github.com/citytechinc/cq-component-maven-plugin,citytechinc/cq-component-maven-plugin
https://github.com/immobilienscout24/deadcode4j,immobilienscout24/deadcode4j
https://github.com/javamoney/jsr354-api,javamoney/jsr354-api
https://github.com/sylvain-bugat/rundeckmonitor,sylvain-bugat/rundeckmonitor
https://github.com/jenkinsci/ui-samples-plugin,jenkinsci/ui-samples-plugin
https://github.com/eirslett/frontend-maven-plugin,eirslett/frontend-maven-plugin
https://github.com/arturmkrtchyan/iban4j,arturmkrtchyan/iban4j
https://github.com/dfabulich/sitemapgen4j,dfabulich/sitemapgen4j
https://github.com/aerogear/aerogear-crypto-java,aerogear/aerogear-crypto-java
https://github.com/jcabi/jcabi-dynamodb-maven-plugin,jcabi/jcabi-dynamodb-maven-plugin
https://github.com/boilit/ebm,boilit/ebm
https://github.com/jmacglashan/burlap,jmacglashan/burlap
https://github.com/apache/commons-ognl,apache/commons-ognl
https://github.com/httpcache4j/httpcache4j,httpcache4j/httpcache4j
https://github.com/maven-nar/nar-maven-plugin,maven-nar/nar-maven-plugin
https://github.com/yannbrrd/elasticsearch-entity-resolution,yannbrrd/elasticsearch-entity-resolution
https://github.com/apache/commons-bcel,apache/commons-bcel
https://github.com/jcabi/jcabi-dynamo,jcabi/jcabi-dynamo
https://github.com/jcabi/jcabi-jdbc,jcabi/jcabi-jdbc
https://github.com/jcabi/jcabi-aspects,jcabi/jcabi-aspects
https://github.com/jcabi/jcabi-manifests,jcabi/jcabi-manifests
https://github.com/threerings/getdown,threerings/getdown
https://github.com/forcedotcom/sitecrawler,forcedotcom/sitecrawler
https://github.com/bytedeco/javacpp,bytedeco/javacpp
https://github.com/w3c/ldp-testsuite,w3c/ldp-testsuite
https://github.com/jenkinsci/oki-docki-plugin,jenkinsci/oki-docki-plugin
https://github.com/buschmais/extended-objects,buschmais/extended-objects
https://github.com/nea/vertx-mod-cassandra-persistor,nea/vertx-mod-cassandra-persistor
https://github.com/engine-alpha/engine-alpha,engine-alpha/engine-alpha
https://github.com/straup/dogeared-extruder,straup/dogeared-extruder
https://github.com/mmlab/rmlprocessor,mmlab/rmlprocessor
https://github.com/micromata/javaapiforkml,micromata/javaapiforkml
https://github.com/kantega/pdf-converter,kantega/pdf-converter
https://github.com/sonarcommunity/sonar-pmd,sonarcommunity/sonar-pmd
https://github.com/flaxsearch/luwak,flaxsearch/luwak
https://github.com/carbonado/carbonado,carbonado/carbonado
https://github.com/leveluplunch/levelup-java-examples,leveluplunch/levelup-java-examples
https://github.com/andresoviedo/google-drive-ftp-adapter,andresoviedo/google-drive-ftp-adapter
https://github.com/zenria/weed-fs-java-client,zenria/weed-fs-java-client
https://github.com/overturetool/overture,overturetool/overture
https://github.com/mbosecke/pebble,mbosecke/pebble
https://github.com/pires/obd-java-api,pires/obd-java-api
https://github.com/phax/jcodemodel,phax/jcodemodel
https://github.com/technicpack/launchercore,technicpack/launchercore
https://github.com/awslabs/dynamodb-geo,awslabs/dynamodb-geo
https://github.com/hyphen-ated/djbot,hyphen-ated/djbot
https://github.com/ruedigermoeller/kontraktor,ruedigermoeller/kontraktor
https://github.com/spring-projects/spring-guice,spring-projects/spring-guice
https://github.com/learning-layers/socialsemanticserver,learning-layers/socialsemanticserver
https://github.com/radkovo/jstyleparser,radkovo/jstyleparser
https://github.com/feuyeux/jax-rs2-atup,feuyeux/jax-rs2-atup
https://github.com/addthis/stream-lib,addthis/stream-lib
https://github.com/metamx/extendedset,metamx/extendedset
https://github.com/codingpedia/demo-rest-jersey-spring,codingpedia/demo-rest-jersey-spring
https://github.com/maciejzaleski/jmeter-websocketsampler,maciejzaleski/jmeter-websocketsampler
https://github.com/ru/casanova,ru/casanova
https://github.com/komoot/photon,komoot/photon
https://github.com/druid-io/druid-api,druid-io/druid-api
https://github.com/dakusui/jcunit,dakusui/jcunit
https://github.com/google/compile-testing,google/compile-testing
https://github.com/fasterxml/jackson-datatype-hibernate,fasterxml/jackson-datatype-hibernate
https://github.com/woder/torchbot,woder/torchbot
https://github.com/twilio/starter-java,twilio/starter-java
https://github.com/rackerlabs/blueflood,rackerlabs/blueflood
https://github.com/andrewphorn/classicube-client,andrewphorn/classicube-client
https://github.com/feedzai/pdb,feedzai/pdb
https://github.com/brettwooldridge/nuprocess,brettwooldridge/nuprocess
https://github.com/tacitknowledge/jcr-mock,tacitknowledge/jcr-mock
https://github.com/kstyrc/embedded-redis,kstyrc/embedded-redis
https://github.com/hoten/java-delaunay,hoten/java-delaunay
https://github.com/fincatto/nfe,fincatto/nfe
https://github.com/entertailion/fling,entertailion/fling
https://github.com/idris-hackers/idris-java-rts,idris-hackers/idris-java-rts
https://github.com/yegor256/xembly,yegor256/xembly
https://github.com/aseldawy/spatialhadoop2,aseldawy/spatialhadoop2
https://github.com/verhas/djcproxy,verhas/djcproxy
https://github.com/okjsp/okmakeover,okjsp/okmakeover
https://github.com/seanchenxi/gwt-storage,seanchenxi/gwt-storage
https://github.com/apache/commons-pool,apache/commons-pool
https://github.com/urbanairship/java-library,urbanairship/java-library
https://github.com/ata4/disunity,ata4/disunity
https://github.com/jenkinsci/windows-azure-storage-plugin,jenkinsci/windows-azure-storage-plugin
https://github.com/nurkiewicz/async-retry,nurkiewicz/async-retry
https://github.com/opendatalab-de/geojson-jackson,opendatalab-de/geojson-jackson
https://github.com/apache/commons-csv,apache/commons-csv
https://github.com/jeevatkm/digitalocean-api-java,jeevatkm/digitalocean-api-java
https://github.com/runeflobakk/motif,runeflobakk/motif
https://github.com/wasdev/ci.ant,wasdev/ci.ant
https://github.com/johncarl81/parceler,johncarl81/parceler
https://github.com/bjornharrtell/jts2geojson,bjornharrtell/jts2geojson
https://github.com/apache/commons-imaging,apache/commons-imaging
https://github.com/premium-minds/billy,premium-minds/billy
https://github.com/lintool/clueweb,lintool/clueweb
https://github.com/spigotmc/bungeecord,spigotmc/bungeecord
https://github.com/xceptance/xcmailr,xceptance/xcmailr
https://github.com/jboss-modules/jboss-modules,jboss-modules/jboss-modules
https://github.com/kpelykh/docker-java,kpelykh/docker-java
https://github.com/splunk/splunk-library-javalogging,splunk/splunk-library-javalogging
https://github.com/gini/dropwizard-gelf,gini/dropwizard-gelf
https://github.com/cdi-spec/cdi-tck,cdi-spec/cdi-tck
https://github.com/kevinbayes/vest,kevinbayes/vest
https://github.com/davidmoten/geo,davidmoten/geo
https://github.com/spotify/hdfs2cass,spotify/hdfs2cass
https://github.com/octo-technology/sonar-objective-c,octo-technology/sonar-objective-c
https://github.com/alexxiyang/shiro-redis,alexxiyang/shiro-redis
https://github.com/jitsi/dnssecjava,jitsi/dnssecjava
https://github.com/dkunzler/esperandro,dkunzler/esperandro
https://github.com/mdeinum/spring-batch-excel,mdeinum/spring-batch-excel
https://github.com/ahmetaa/zemberek-nlp,ahmetaa/zemberek-nlp
https://github.com/dvdme/forecastio-lib-java,dvdme/forecastio-lib-java
https://github.com/jsprit/jsprit,jsprit/jsprit
https://github.com/stripesframework/stripes,stripesframework/stripes
https://github.com/learnlib/learnlib,learnlib/learnlib
https://github.com/sonarcommunity/sonar-web,sonarcommunity/sonar-web
https://github.com/rcarz/jira-client,rcarz/jira-client
https://github.com/lbroudoux/es-amazon-s3-river,lbroudoux/es-amazon-s3-river
https://github.com/wocommunity/wonder,wocommunity/wonder
https://github.com/scifio/scifio,scifio/scifio
https://github.com/code4craft/webmagic,code4craft/webmagic
https://github.com/risingoak/jenkins-client,risingoak/jenkins-client
https://github.com/projectdanube/xdi2,projectdanube/xdi2
https://github.com/google/gwtmockito,google/gwtmockito
https://github.com/asciidoctor/asciidoclet,asciidoctor/asciidoclet
https://github.com/rylinaux/plugman,rylinaux/plugman
https://github.com/bserdar/jcliff,bserdar/jcliff
https://github.com/trecloux/yeoman-maven-plugin,trecloux/yeoman-maven-plugin
https://github.com/j256/simplemagic,j256/simplemagic
https://github.com/spotify/netty-zmtp,spotify/netty-zmtp
https://github.com/awaisathar/dependensee,awaisathar/dependensee
https://github.com/laforge49/jactor2,laforge49/jactor2
https://github.com/ignorance77/transformiceapi,ignorance77/transformiceapi
https://github.com/yegor256/rexsl,yegor256/rexsl
https://github.com/dozedoff/similarimage,dozedoff/similarimage
https://github.com/jmxtrans/jmxtrans-agent,jmxtrans/jmxtrans-agent
https://github.com/nerdwin15/stash-jenkins-postreceive-webhook,nerdwin15/stash-jenkins-postreceive-webhook
https://github.com/bitletorg/weupnp,bitletorg/weupnp
https://github.com/caelum/vraptor-console,caelum/vraptor-console
https://github.com/fommil/matrix-toolkits-java,fommil/matrix-toolkits-java
https://github.com/vanduynslagerp/enml4j,vanduynslagerp/enml4j
https://github.com/fasterxml/jackson-datatype-jsr310,fasterxml/jackson-datatype-jsr310
https://github.com/linsolas/casperjs-runner-maven-plugin,linsolas/casperjs-runner-maven-plugin
https://github.com/khmarbaise/iterator-maven-plugin,khmarbaise/iterator-maven-plugin
https://github.com/lookfirst/sardine,lookfirst/sardine
https://github.com/joel-costigliola/assertj-assertions-generator,joel-costigliola/assertj-assertions-generator
https://github.com/irstv/cts,irstv/cts
https://github.com/haraldwalker/user-agent-utils,haraldwalker/user-agent-utils
https://github.com/9apps/elasticsearch-cloudwatch,9apps/elasticsearch-cloudwatch
https://github.com/rschreijer/lutung,rschreijer/lutung
https://github.com/kongchen/swagger-maven-plugin,kongchen/swagger-maven-plugin
https://github.com/chat-wane/lseq,chat-wane/lseq
https://github.com/joel-costigliola/assertj-core,joel-costigliola/assertj-core
https://github.com/benas/easy-rules,benas/easy-rules
https://github.com/morfologik/morfologik-stemming,morfologik/morfologik-stemming
https://github.com/redhogs/cron-parser,redhogs/cron-parser
https://github.com/sdllanguagetechnologies/testy,sdllanguagetechnologies/testy
https://github.com/kbnlresearch/europeananp-ner,kbnlresearch/europeananp-ner
https://github.com/brettwooldridge/sparsebitset,brettwooldridge/sparsebitset
https://github.com/alibaba/canal,alibaba/canal
https://github.com/mwanji/toml4j,mwanji/toml4j
https://github.com/jclawson/hazeltask,jclawson/hazeltask
https://github.com/logstash/log4j-jsonevent-layout,logstash/log4j-jsonevent-layout
https://github.com/scribble/scribble-java,scribble/scribble-java
https://github.com/robert-bor/csveed,robert-bor/csveed
https://github.com/tumblr/jumblr,tumblr/jumblr
https://github.com/marginallyclever/makelangelo,marginallyclever/makelangelo
https://github.com/zhuowei/raspberryjuice,zhuowei/raspberryjuice
https://github.com/wkennedy/swagger4spring-web,wkennedy/swagger4spring-web
https://github.com/mybatis/spring,mybatis/spring
https://github.com/forcedotcom/wsc,forcedotcom/wsc
https://github.com/thomas-joiner/hunspellbridj,thomas-joiner/hunspellbridj
https://github.com/medcl/elasticsearch-analysis-stconvert,medcl/elasticsearch-analysis-stconvert
https://github.com/netflix/rxjava,netflix/rxjava
https://github.com/astrapi69/jaulp.wicket,astrapi69/jaulp.wicket
https://github.com/japgolly/svg-android,japgolly/svg-android
https://github.com/jenkinsci/credentials-plugin,jenkinsci/credentials-plugin
https://github.com/apache/maven-plugin-tools,apache/maven-plugin-tools
https://github.com/orien/bean-matchers,orien/bean-matchers
https://github.com/taimos/daemon-framework,taimos/daemon-framework
https://github.com/mttkay/signpost,mttkay/signpost
https://github.com/openpnp/openpnp,openpnp/openpnp
https://github.com/apache/cayenne,apache/cayenne
https://github.com/solita/functional-utils,solita/functional-utils
https://github.com/elisarver/selophane,elisarver/selophane
https://github.com/sonarcommunity/sonar-xml,sonarcommunity/sonar-xml
https://github.com/apache/commons-net,apache/commons-net
https://github.com/seam/render,seam/render
https://github.com/segmentio/analytics-java,segmentio/analytics-java
https://github.com/jqno/equalsverifier,jqno/equalsverifier
https://github.com/titokone/titokone,titokone/titokone
https://github.com/jwcarman/wicketopia,jwcarman/wicketopia
https://github.com/threeten/threeten-extra,threeten/threeten-extra
https://github.com/bryncooke/cdi-unit,bryncooke/cdi-unit
https://github.com/jmxtrans/embedded-jmxtrans,jmxtrans/embedded-jmxtrans
https://github.com/webjars/webjars-locator,webjars/webjars-locator
https://github.com/yubico/ykneo-openpgp,yubico/ykneo-openpgp
https://github.com/clusterbench/clusterbench,clusterbench/clusterbench
https://github.com/uklimaschewski/evalex,uklimaschewski/evalex
https://github.com/simmetrics/simmetrics,simmetrics/simmetrics
https://github.com/brianm/jdbi3,brianm/jdbi3
https://github.com/tyagihas/java_nats,tyagihas/java_nats
https://github.com/jahia/ldap-provider,jahia/ldap-provider
https://github.com/mixpanel/mixpanel-java,mixpanel/mixpanel-java
https://github.com/jenkinsci/coverity-plugin,jenkinsci/coverity-plugin
https://github.com/relayrides/pushy,relayrides/pushy
https://github.com/joschi/dropwizard-elasticsearch,joschi/dropwizard-elasticsearch
https://github.com/apache/commons-email,apache/commons-email
https://github.com/vidstige/jadb,vidstige/jadb
https://github.com/apache/commons-dbcp,apache/commons-dbcp
https://github.com/n0rad/jstest-maven-plugin,n0rad/jstest-maven-plugin
https://github.com/versioneye/versioneye_maven_plugin,versioneye/versioneye_maven_plugin
https://github.com/tdunning/log-synth,tdunning/log-synth
https://github.com/mrice/license-check,mrice/license-check
https://github.com/jasig/jspc-maven-plugin,jasig/jspc-maven-plugin
https://github.com/marschall/memoryfilesystem,marschall/memoryfilesystem
https://github.com/shazam/shazamcrest,shazam/shazamcrest
https://github.com/camunda/camunda-archetypes,camunda/camunda-archetypes
https://github.com/mybatis/jpetstore-6,mybatis/jpetstore-6
https://github.com/grunka/fortuna,grunka/fortuna
https://github.com/tpietzsch/spimviewer,tpietzsch/spimviewer
https://github.com/oldmanpushcart/greys-anatomy,oldmanpushcart/greys-anatomy
https://github.com/mambu-gmbh/mambu-apis-java,mambu-gmbh/mambu-apis-java
https://github.com/linkedin/camus,linkedin/camus
https://github.com/wsky/top-push,wsky/top-push
https://github.com/vkostyukov/la4j,vkostyukov/la4j
https://github.com/johnnei/javatorrent,johnnei/javatorrent
https://github.com/reckart/shib-http-client,reckart/shib-http-client
https://github.com/mjsalerno/unobot,mjsalerno/unobot
https://github.com/wasdev/ci.maven,wasdev/ci.maven
https://github.com/joyent/java-manta,joyent/java-manta
https://github.com/techblue/alfresco-restclient,techblue/alfresco-restclient
https://github.com/bujiio/buji-pac4j,bujiio/buji-pac4j
https://github.com/j256/ormlite-core,j256/ormlite-core
https://github.com/mybatis/mybatis-3,mybatis/mybatis-3
https://github.com/junit-team/junit,junit-team/junit
https://github.com/camsys/onebusaway-application-modules,camsys/onebusaway-application-modules
https://github.com/sps/pushover4j,sps/pushover4j
https://github.com/wstrange/googleauth,wstrange/googleauth
https://github.com/citysearch/web-widgets,citysearch/web-widgets
https://github.com/mercadopago/sdk-java,mercadopago/sdk-java
https://github.com/apache/commons-validator,apache/commons-validator
https://github.com/avaje-common/avaje-agentloader,avaje-common/avaje-agentloader
https://github.com/mashape/unirest-java,mashape/unirest-java
https://github.com/mmazi/rescu,mmazi/rescu
https://github.com/lbehnke/hierarchical-clustering-java,lbehnke/hierarchical-clustering-java
https://github.com/srdc/ontmalizer,srdc/ontmalizer
https://github.com/javasoze/clue,javasoze/clue
https://github.com/paulosuzart/jtornado,paulosuzart/jtornado
https://github.com/olibye/guvna,olibye/guvna
https://github.com/brettwooldridge/sansorm,brettwooldridge/sansorm
https://github.com/julietkilo/canbabel,julietkilo/canbabel
https://github.com/frizbog/gedcom4j,frizbog/gedcom4j
https://github.com/nuodb/migration-tools,nuodb/migration-tools
https://github.com/martylamb/nailgun,martylamb/nailgun
https://github.com/dtrules/dtrules,dtrules/dtrules
https://github.com/fasterxml/jackson-dataformat-avro,fasterxml/jackson-dataformat-avro
https://github.com/jadler-mocking/jadler,jadler-mocking/jadler
https://github.com/sndyuk/logback-more-appenders,sndyuk/logback-more-appenders
https://github.com/tupilabs/tap4j,tupilabs/tap4j
https://github.com/jruby/jruby-parser,jruby/jruby-parser
https://github.com/coverity/coverity-security-library,coverity/coverity-security-library
https://github.com/easetech/easytest-core,easetech/easytest-core
https://github.com/datastax/java-driver,datastax/java-driver
https://github.com/radsz/jacop,radsz/jacop
https://github.com/jsamoocha/linksalienceclassification,jsamoocha/linksalienceclassification
https://github.com/atmosphere/atmosphere-extensions,atmosphere/atmosphere-extensions
https://github.com/kohsuke/libpam4j,kohsuke/libpam4j
https://github.com/openrefine/openrefine,openrefine/openrefine
https://github.com/comcast/jrugged,comcast/jrugged
https://github.com/mlaccetti/javapns,mlaccetti/javapns
https://github.com/joshlong/spring-birt,joshlong/spring-birt
https://github.com/adamd/z,adamd/z
https://github.com/onebusaway/onebusaway-gtfs-realtime-api,onebusaway/onebusaway-gtfs-realtime-api
https://github.com/sonatype/jgit,sonatype/jgit
https://github.com/ctran/tinyradius,ctran/tinyradius
https://github.com/wnagele/hadoop-filesystem-sftp,wnagele/hadoop-filesystem-sftp
https://github.com/apache/james-mime4j,apache/james-mime4j
https://github.com/nabeelmukhtar/github-java-sdk,nabeelmukhtar/github-java-sdk
https://github.com/flaptor/indextank-java,flaptor/indextank-java
https://github.com/47deg/firebrand,47deg/firebrand
https://github.com/stefanhendriks/dune2themaker4j,stefanhendriks/dune2themaker4j
https://github.com/tntim96/jscover,tntim96/jscover
https://github.com/cowtowncoder/java-merge-sort,cowtowncoder/java-merge-sort
https://github.com/mikera/vectorz,mikera/vectorz
https://github.com/leonlee/flume-ng-mongodb-sink,leonlee/flume-ng-mongodb-sink
https://github.com/progether/jadventure,progether/jadventure
https://github.com/e-mzungu/rjc,e-mzungu/rjc
https://github.com/sijpesteijn/mafia-maven-plugin,sijpesteijn/mafia-maven-plugin
https://github.com/sammthomson/semafor,sammthomson/semafor
https://github.com/cognifide/sling-dynamic-include,cognifide/sling-dynamic-include
https://github.com/jenkinsci/configurationslicing-plugin,jenkinsci/configurationslicing-plugin
https://github.com/oltpbenchmark/oltpbench,oltpbenchmark/oltpbench
https://github.com/jodaorg/joda-beans,jodaorg/joda-beans
https://github.com/saucelabs/ci-sauce,saucelabs/ci-sauce
https://github.com/jexp/jpatterns,jexp/jpatterns
https://github.com/jasig/webproxyportlet,jasig/webproxyportlet
https://github.com/stephenc/high-scale-lib,stephenc/high-scale-lib
https://github.com/fmcarvalho/htmlflow,fmcarvalho/htmlflow
https://github.com/iryndin/jdbf,iryndin/jdbf
https://github.com/polopoly/jetty-maven-plugin,polopoly/jetty-maven-plugin
https://github.com/vijay2win/flume-cassandra-sink,vijay2win/flume-cassandra-sink
https://github.com/renggli/petitparserjava,renggli/petitparserjava
https://github.com/mattinsler/com.lowereast.guiceymongo,mattinsler/com.lowereast.guiceymongo
https://github.com/kamranzafar/jtar,kamranzafar/jtar
https://github.com/apache/fop,apache/fop
https://github.com/sonarcommunity/sonar-ldap,sonarcommunity/sonar-ldap
https://github.com/nabedge/mixer2,nabedge/mixer2
https://github.com/creswick/cjwizard,creswick/cjwizard
https://github.com/doctau/garbagecat,doctau/garbagecat
https://github.com/jnr/jnr-enxio,jnr/jnr-enxio
https://github.com/kungfoo/geohash-java,kungfoo/geohash-java
https://github.com/lyncode/xoai,lyncode/xoai
https://github.com/ab0oo/javaprslib,ab0oo/javaprslib
https://github.com/hansolo/steelseries-swing,hansolo/steelseries-swing
https://github.com/arnim/hdp,arnim/hdp
https://github.com/maciejwalkowiak/java-plist-serializer,maciejwalkowiak/java-plist-serializer
https://github.com/wwadge/hbnpojogen,wwadge/hbnpojogen
https://github.com/apache/commons-collections,apache/commons-collections
https://github.com/carlossg/glacier-cli,carlossg/glacier-cli
https://github.com/ning/compress,ning/compress
https://github.com/geisbruch/hadoopcryptocompressor,geisbruch/hadoopcryptocompressor
https://github.com/mmastrac/nanojson,mmastrac/nanojson
https://github.com/fasterxml/jackson-module-mrbean,fasterxml/jackson-module-mrbean
https://github.com/synergian/wagon-git,synergian/wagon-git
https://github.com/moritanosuke/glacieruploader,moritanosuke/glacieruploader
https://github.com/turbospaces/turbospaces,turbospaces/turbospaces
https://github.com/jalkanen/speed4j,jalkanen/speed4j
https://github.com/koraktor/mavanagaiata,koraktor/mavanagaiata
https://github.com/apache/commons-fileupload,apache/commons-fileupload
https://github.com/masterthought/cucumber-reporting,masterthought/cucumber-reporting
https://github.com/jenkinsci/token-macro-plugin,jenkinsci/token-macro-plugin
https://github.com/apache/commons-io,apache/commons-io
https://github.com/tatsuhiro-t/argparse4j,tatsuhiro-t/argparse4j
https://github.com/killbilling/recurly-java-library,killbilling/recurly-java-library
https://github.com/jhalterman/expiringmap,jhalterman/expiringmap
https://github.com/jenkinsci/rebuild-plugin,jenkinsci/rebuild-plugin
https://github.com/jeluard/semantic-versioning,jeluard/semantic-versioning
https://github.com/irobertson/jpa-annotation-processor,irobertson/jpa-annotation-processor
https://github.com/fasterxml/jackson-datatype-joda,fasterxml/jackson-datatype-joda
https://github.com/kroimon/bukkit-alphachest,kroimon/bukkit-alphachest
https://github.com/resthub/springmvc-router,resthub/springmvc-router
https://github.com/hoverruan/weiboclient4j,hoverruan/weiboclient4j
https://github.com/brianm/really-executable-jars-maven-plugin,brianm/really-executable-jars-maven-plugin
https://github.com/couchbase/couchbasemock,couchbase/couchbasemock
https://github.com/tackley/dbdeploy,tackley/dbdeploy
https://github.com/jenkinsci/nested-view-plugin,jenkinsci/nested-view-plugin
https://github.com/lukas-krecan/jsonunit,lukas-krecan/jsonunit
https://github.com/hudec/sql-processor,hudec/sql-processor
https://github.com/caelum/vraptor-environment,caelum/vraptor-environment
https://github.com/frankbille/scoreboard,frankbille/scoreboard
https://github.com/ymnk/jsch-agent-proxy,ymnk/jsch-agent-proxy
https://github.com/umut/spring-social-salesforce,umut/spring-social-salesforce
https://github.com/jeluard/maven-plantuml-plugin,jeluard/maven-plantuml-plugin
https://github.com/ops4j/org.ops4j.pax.swissbox,ops4j/org.ops4j.pax.swissbox
https://github.com/dankurka/gwtphonegap,dankurka/gwtphonegap
https://github.com/vbehar/rundeck-api-java-client,vbehar/rundeck-api-java-client
https://github.com/duesenklipper/wicket-safemodel,duesenklipper/wicket-safemodel
https://github.com/jenkinsci/throttle-concurrent-builds-plugin,jenkinsci/throttle-concurrent-builds-plugin
https://github.com/dius/java-faker,dius/java-faker
https://github.com/kohsuke/winp,kohsuke/winp
https://github.com/digital-preservation/droid,digital-preservation/droid
https://github.com/marloncarvalho/aliendroid-activerecord,marloncarvalho/aliendroid-activerecord
https://github.com/thomasjungblut/tjungblut-math,thomasjungblut/tjungblut-math
https://github.com/apache/accumulo,apache/accumulo
https://github.com/hdiv/hdiv,hdiv/hdiv
https://github.com/onebusaway/onebusaway-gtfs-modules,onebusaway/onebusaway-gtfs-modules
https://github.com/synbiodex/libsbolj,synbiodex/libsbolj
https://github.com/kohsuke/file-leak-detector,kohsuke/file-leak-detector
https://github.com/jenkinsci/email-ext-plugin,jenkinsci/email-ext-plugin
https://github.com/medcl/elasticsearch-analysis-pinyin,medcl/elasticsearch-analysis-pinyin
https://github.com/gatein/gatein-api-java,gatein/gatein-api-java
https://github.com/jhalterman/concurrentunit,jhalterman/concurrentunit
https://github.com/t-oster/liblasercut,t-oster/liblasercut
https://github.com/stephenc/java-iso-tools,stephenc/java-iso-tools
https://github.com/pholser/junit-quickcheck,pholser/junit-quickcheck
https://github.com/gwt-test-utils/gwt-test-utils,gwt-test-utils/gwt-test-utils
https://github.com/driesschulten/dozer-model,driesschulten/dozer-model
https://github.com/xebia/xebium,xebia/xebium
https://github.com/lukegb/gitdescribe-maven-plugin,lukegb/gitdescribe-maven-plugin
https://github.com/fasterxml/aalto-xml,fasterxml/aalto-xml
https://github.com/sgoeschl/jmeter-sla-report,sgoeschl/jmeter-sla-report
https://github.com/codedance/silken,codedance/silken
https://github.com/alexruiz/fest-util,alexruiz/fest-util
https://github.com/jenkinsci/build-timeout-plugin,jenkinsci/build-timeout-plugin
https://github.com/brewinapps/ios-maven-plugin,brewinapps/ios-maven-plugin
https://github.com/buddycloud/buddycloud-server-java,buddycloud/buddycloud-server-java
https://github.com/fordfrog/apgdiff,fordfrog/apgdiff
https://github.com/jenkinsci/urltrigger-plugin,jenkinsci/urltrigger-plugin
https://github.com/craigwblake/redline,craigwblake/redline
https://github.com/t0xa/gelfj,t0xa/gelfj
https://github.com/mtedone/podam,mtedone/podam
https://github.com/sbtourist/journal.io,sbtourist/journal.io
https://github.com/krilivye/jocco,krilivye/jocco
https://github.com/jenkinsci/log-parser-plugin,jenkinsci/log-parser-plugin
https://github.com/redsolution/otr4j,redsolution/otr4j
https://github.com/sonarcommunity/sonar-php,sonarcommunity/sonar-php
https://github.com/jenkinsci/mailer-plugin,jenkinsci/mailer-plugin
https://github.com/fusesource/jansi-native,fusesource/jansi-native
https://github.com/fusesource/jansi,fusesource/jansi
https://github.com/khuxtable/wagon-gitsite,khuxtable/wagon-gitsite
https://github.com/helun/ektorp,helun/ektorp
https://github.com/chrsan/css-selectors,chrsan/css-selectors
https://github.com/heroku/devcenter-embedded-tomcat,heroku/devcenter-embedded-tomcat
https://github.com/leeadkins/elasticsearch-redis-river,leeadkins/elasticsearch-redis-river
https://github.com/kohsuke/github-api,kohsuke/github-api
https://github.com/bazhenov/load-test-tool,bazhenov/load-test-tool
https://github.com/apache/commons-codec,apache/commons-codec
https://github.com/magro/kryo-serializers,magro/kryo-serializers
https://github.com/nysenate/openlegislation,nysenate/openlegislation
https://github.com/jbossas/jboss-dmr,jbossas/jboss-dmr
https://github.com/grove/presto,grove/presto
https://github.com/apache/tomcat-maven-plugin,apache/tomcat-maven-plugin
https://github.com/zsoltfabok/dojo.exercises,zsoltfabok/dojo.exercises
https://github.com/maxmind/geoip-api-java,maxmind/geoip-api-java
https://github.com/medcl/elasticsearch-analysis-ik,medcl/elasticsearch-analysis-ik
https://github.com/webbukkit/dynmapcoreapi,webbukkit/dynmapcoreapi
https://github.com/oaqa/baseqa,oaqa/baseqa
https://github.com/cowtowncoder/java-classmate,cowtowncoder/java-classmate
https://github.com/gitools/gitools,gitools/gitools
https://github.com/robotframework/javalibcore,robotframework/javalibcore
https://github.com/jruby/bytelist,jruby/bytelist
https://github.com/koraktor/steam-condenser-java,koraktor/steam-condenser-java
https://github.com/librato/metrics-librato,librato/metrics-librato
https://github.com/jenkinsci/disk-usage-plugin,jenkinsci/disk-usage-plugin
https://github.com/findwise/hydra,findwise/hydra
https://github.com/greenlaw110/rythm,greenlaw110/rythm
https://github.com/andygibson/datafactory,andygibson/datafactory
https://github.com/facebook/jcommon,facebook/jcommon
https://github.com/jacquesberger/jsonparsingexample,jacquesberger/jsonparsingexample
https://github.com/zeromq/jeromq,zeromq/jeromq
https://github.com/arquillian/arquillian-container-jetty,arquillian/arquillian-container-jetty
https://github.com/samskivert/samskivert,samskivert/samskivert
https://github.com/bronx/saci-vraptor,bronx/saci-vraptor
https://github.com/comatoes/ftl-profile-editor,comatoes/ftl-profile-editor
https://github.com/freehep/freehep-vectorgraphics,freehep/freehep-vectorgraphics
https://github.com/attoparser/attoparser,attoparser/attoparser
https://github.com/kohsuke/groovy-sandbox,kohsuke/groovy-sandbox
https://github.com/mygrid/rightfield,mygrid/rightfield
https://github.com/dbaeli/conf4j,dbaeli/conf4j
https://github.com/giusepperizzo/nerd4java,giusepperizzo/nerd4java
https://github.com/jfinal/jfinal,jfinal/jfinal
https://github.com/sonarcommunity/sonar-scm-activity,sonarcommunity/sonar-scm-activity
https://github.com/kohsuke/access-modifier,kohsuke/access-modifier
https://github.com/jahia/jahiapp-newsletter,jahia/jahiapp-newsletter
https://github.com/icoloma/tldgen,icoloma/tldgen
https://github.com/rjohnsondev/java-libpst,rjohnsondev/java-libpst
https://github.com/brianm/config-magic,brianm/config-magic
https://github.com/cribbstechnologies/java-mandrill-wrapper,cribbstechnologies/java-mandrill-wrapper
https://github.com/wokier/teh,wokier/teh
https://github.com/cowtowncoder/java-uuid-generator,cowtowncoder/java-uuid-generator
https://github.com/dennisjzh/gwtmobile-ui,dennisjzh/gwtmobile-ui
https://github.com/grundid/nfctools,grundid/nfctools
https://github.com/nitnelave/creeperheal,nitnelave/creeperheal
https://github.com/medcl/elasticsearch-partialupdate,medcl/elasticsearch-partialupdate
https://github.com/apache/commons-lang,apache/commons-lang
https://github.com/jbossas/staxmapper,jbossas/staxmapper
https://github.com/spullara/cli-parser,spullara/cli-parser
https://github.com/jenkinsci/mercurial-plugin,jenkinsci/mercurial-plugin
https://github.com/seedboxer/seedboxer,seedboxer/seedboxer
https://github.com/jboss-remoting/jboss-remoting,jboss-remoting/jboss-remoting
https://github.com/jenkinsci/promoted-builds-plugin,jenkinsci/promoted-builds-plugin
https://github.com/zalando/java-sproc-wrapper,zalando/java-sproc-wrapper
https://github.com/spinscale/dropwizard-jobs,spinscale/dropwizard-jobs
https://github.com/maven-nar/cpptasks-parallel,maven-nar/cpptasks-parallel
https://github.com/lukas-krecan/json2xml,lukas-krecan/json2xml
https://github.com/mh4j/metaheuristics4java,mh4j/metaheuristics4java
https://github.com/in-the-keyhole/khs-spring-batch-report-writer,in-the-keyhole/khs-spring-batch-report-writer
https://github.com/bsblabs/embed-for-vaadin,bsblabs/embed-for-vaadin
https://github.com/jnr/jnr-unixsocket,jnr/jnr-unixsocket
https://github.com/northconcepts/event-bus,northconcepts/event-bus
https://github.com/apache/maven-enforcer,apache/maven-enforcer
https://github.com/dtrott/maven-protoc-plugin,dtrott/maven-protoc-plugin
https://github.com/mbaechler/proxy-servlet,mbaechler/proxy-servlet
https://github.com/jenkinsci/copyartifact-plugin,jenkinsci/copyartifact-plugin
https://github.com/killme2008/aviator,killme2008/aviator
https://github.com/samskivert/pythagoras,samskivert/pythagoras
https://github.com/jenkinsci/embeddable-build-status-plugin,jenkinsci/embeddable-build-status-plugin
https://github.com/valotrading/silvertip,valotrading/silvertip
https://github.com/dblock/jenkins-ansicolor-plugin,dblock/jenkins-ansicolor-plugin
https://github.com/zauberlabs/gnip4j,zauberlabs/gnip4j
https://github.com/sonarsource/jenkins-sonar-plugin,sonarsource/jenkins-sonar-plugin
https://github.com/tadglines/socket.io-java,tadglines/socket.io-java
https://github.com/thymeleaf/thymeleafexamples-springmail,thymeleaf/thymeleafexamples-springmail
https://github.com/jenkinsci/testng-plugin-plugin,jenkinsci/testng-plugin-plugin
https://github.com/hoijui/jawk,hoijui/jawk
https://github.com/geoffreywiseman/moo,geoffreywiseman/moo
https://github.com/kifj/jboss-syslog,kifj/jboss-syslog
https://github.com/getbridge/bridge-java,getbridge/bridge-java
https://github.com/jenkinsci/vsphere-cloud-plugin,jenkinsci/vsphere-cloud-plugin
https://github.com/jenkinsci/deploy-plugin,jenkinsci/deploy-plugin
https://github.com/lukaszlenart/launch4j-maven-plugin,lukaszlenart/launch4j-maven-plugin
https://github.com/timroes/axmlrpc,timroes/axmlrpc
https://github.com/jenkinsci/ruby-runtime-plugin,jenkinsci/ruby-runtime-plugin
https://github.com/fasseg/exp4j,fasseg/exp4j
https://github.com/khmarbaise/maven-license-verifier-plugin,khmarbaise/maven-license-verifier-plugin
https://github.com/kinow/testlink-java-api,kinow/testlink-java-api
https://github.com/jboss-logging/jboss-logging-tools,jboss-logging/jboss-logging-tools
https://github.com/msukmanowsky/omnituredatafileinputformat,msukmanowsky/omnituredatafileinputformat
https://github.com/jiaqi/jmxterm,jiaqi/jmxterm
https://github.com/dblock/oshi,dblock/oshi
https://github.com/wvengen/proguard-maven-plugin,wvengen/proguard-maven-plugin
https://github.com/jboss/jboss-jacc-api_spec,jboss/jboss-jacc-api_spec
https://github.com/webbit/webbit,webbit/webbit
https://github.com/hoijui/javaosc,hoijui/javaosc
https://github.com/ralscha/embeddedtc,ralscha/embeddedtc
https://github.com/fasterxml/jackson-dataformat-xml,fasterxml/jackson-dataformat-xml
https://github.com/fasterxml/jackson-module-jaxb-annotations,fasterxml/jackson-module-jaxb-annotations
https://github.com/lemire/javaewah,lemire/javaewah
https://github.com/benoker/dockingframes,benoker/dockingframes
https://github.com/mpatric/mp3agic,mpatric/mp3agic
https://github.com/skyscreamer/nevado,skyscreamer/nevado
https://github.com/jenkinsci/instant-messaging-plugin,jenkinsci/instant-messaging-plugin
https://github.com/jri/deepamehta,jri/deepamehta
https://github.com/torquebox/jruby-maven-plugins,torquebox/jruby-maven-plugins
https://github.com/jbossas/remoting-jmx,jbossas/remoting-jmx
https://github.com/chargebee/chargebee-java,chargebee/chargebee-java
https://github.com/smartrics/restfixture,smartrics/restfixture
https://github.com/reficio/p2-maven-plugin,reficio/p2-maven-plugin
https://github.com/structr/structr,structr/structr
https://github.com/laforge49/jactor,laforge49/jactor
https://github.com/amplafi/htmlcleaner,amplafi/htmlcleaner
https://github.com/tgac/miso-lims,tgac/miso-lims
https://github.com/joelittlejohn/embedmongo-maven-plugin,joelittlejohn/embedmongo-maven-plugin
https://github.com/stoicflame/enunciate,stoicflame/enunciate
https://github.com/corentin59/artnetstack,corentin59/artnetstack
https://github.com/skyscreamer/jsonassert,skyscreamer/jsonassert
https://github.com/ardesco/selenium-standalone-server-plugin,ardesco/selenium-standalone-server-plugin
https://github.com/jenkinsci/backend-update-center2,jenkinsci/backend-update-center2
https://github.com/technophobia/substeps-core,technophobia/substeps-core
https://github.com/farin/jcloisterzone,farin/jcloisterzone
https://github.com/davidb/scala-maven-plugin,davidb/scala-maven-plugin
https://github.com/okleine/ncoap,okleine/ncoap
https://github.com/dcm4che/dcm4che,dcm4che/dcm4che
https://github.com/apache/roller,apache/roller
https://github.com/apache/commons-math,apache/commons-math
https://github.com/fasterxml/jackson-annotations,fasterxml/jackson-annotations
https://github.com/jgralab/jgralab,jgralab/jgralab
https://github.com/ghillairet/emfjson,ghillairet/emfjson
https://github.com/pholser/jopt-simple,pholser/jopt-simple
https://github.com/droolsjbpm/droolsjbpm-knowledge,droolsjbpm/droolsjbpm-knowledge
https://github.com/maoo/maven-tiles,maoo/maven-tiles
https://github.com/mikaelhg/openblocks,mikaelhg/openblocks
https://github.com/monitorjbl/excel-streaming-reader,monitorjbl/excel-streaming-reader
https://github.com/ninjaframework/ninja,ninjaframework/ninja
https://github.com/mbknor/dropwizard-activemq-bundle,mbknor/dropwizard-activemq-bundle
https://github.com/lionsoul2014/jcseg,lionsoul2014/jcseg
https://github.com/thenewcircle/spring-hibernate-20120924,thenewcircle/spring-hibernate-20120924
https://github.com/richardwarburton/lambda-behave,richardwarburton/lambda-behave
https://github.com/einsamhauer/disthene,einsamhauer/disthene
https://github.com/termd/termd,termd/termd
https://github.com/soundcloud/prometheus-hystrix,soundcloud/prometheus-hystrix
https://github.com/bobharner/componentworld,bobharner/componentworld
https://github.com/k3po/k3po,k3po/k3po
https://github.com/tqh/uglifyjs-maven-plugin,tqh/uglifyjs-maven-plugin
https://github.com/chrisvest/stormpot,chrisvest/stormpot
https://github.com/danielflower/maven-gitlog-plugin,danielflower/maven-gitlog-plugin
https://github.com/oskopek/javaanpr,oskopek/javaanpr
https://github.com/dankurka/mgwt,dankurka/mgwt
https://github.com/takari/maven-polyglot,takari/maven-polyglot
https://github.com/jenkinsci/ssh-slaves-plugin,jenkinsci/ssh-slaves-plugin
https://github.com/phaed420/simpleclans,phaed420/simpleclans
https://github.com/fasterxml/jackson-datatype-guava,fasterxml/jackson-datatype-guava
https://github.com/huaban/jieba-analysis,huaban/jieba-analysis
https://github.com/simasch/qlrm,simasch/qlrm
https://github.com/jpmml/openscoring,jpmml/openscoring
https://github.com/joaoarthurbm/designwizard,joaoarthurbm/designwizard
https://github.com/yandex-qatools/ashot,yandex-qatools/ashot
https://github.com/pyknic/codegen,pyknic/codegen
https://github.com/aurbroszniowski/rainfall-core,aurbroszniowski/rainfall-core
https://github.com/cloudfoundry/cf-java-client,cloudfoundry/cf-java-client
https://github.com/urish/gwt-titanium,urish/gwt-titanium
https://github.com/srt/asterisk-java,srt/asterisk-java
https://github.com/rcongiu/hive-json-serde,rcongiu/hive-json-serde
https://github.com/qcadoo/mes,qcadoo/mes
https://github.com/urbancode/terraform,urbancode/terraform
https://github.com/robobees/simbeeotic,robobees/simbeeotic
https://github.com/jooq/jooq,jooq/jooq
https://github.com/julianhyde/linq4j,julianhyde/linq4j
https://github.com/fasterxml/jackson-core,fasterxml/jackson-core
https://github.com/dspace/dspace,dspace/dspace
https://github.com/fasterxml/jackson-module-afterburner,fasterxml/jackson-module-afterburner
https://github.com/winder/universal-g-code-sender,winder/universal-g-code-sender
https://github.com/sebfz1/wicket-jquery-ui,sebfz1/wicket-jquery-ui
https://github.com/jline/jline2,jline/jline2
https://github.com/nicoulaj/checksum-maven-plugin,nicoulaj/checksum-maven-plugin
https://github.com/bitzeche/zencoder-java,bitzeche/zencoder-java
https://github.com/jenkinsci/jira-plugin,jenkinsci/jira-plugin
https://github.com/redline-smalltalk/redline-smalltalk,redline-smalltalk/redline-smalltalk
https://github.com/peterisp/morphology,peterisp/morphology
https://github.com/mrpdaemon/encfs-java,mrpdaemon/encfs-java
https://github.com/apache/shiro,apache/shiro
https://github.com/fusesource/hawtjni,fusesource/hawtjni
https://github.com/wordnik/swagger-codegen,wordnik/swagger-codegen
https://github.com/apache/geronimo-specs,apache/geronimo-specs
https://github.com/sachin-handiekar/jinstagram,sachin-handiekar/jinstagram
https://github.com/urbanairship/datacube,urbanairship/datacube
https://github.com/jenkins-infra/ircbot,jenkins-infra/ircbot
https://github.com/alexcojocaru/elasticsearch-maven-plugin,alexcojocaru/elasticsearch-maven-plugin
https://github.com/dbaeli/ez18n,dbaeli/ez18n
https://github.com/zextras/openzal,zextras/openzal
https://github.com/testingbot/testingbot-tunnel,testingbot/testingbot-tunnel
https://github.com/mblanchette/maven-java-formatter-plugin,mblanchette/maven-java-formatter-plugin
https://github.com/anjuke/hwi,anjuke/hwi
https://github.com/englishtown/vertx-elasticsearch-service,englishtown/vertx-elasticsearch-service
https://github.com/openhft/zero-allocation-hashing,openhft/zero-allocation-hashing
https://github.com/apache/opennlp,apache/opennlp
https://github.com/univocity/univocity-parsers,univocity/univocity-parsers
https://github.com/sexyideas/moosificator,sexyideas/moosificator
https://github.com/spullara/java-future-jdk8,spullara/java-future-jdk8
https://github.com/mdeanda/lorem,mdeanda/lorem
https://github.com/ryantenney/metrics-spring,ryantenney/metrics-spring
https://github.com/afranken/jmeter-analysis-maven-plugin,afranken/jmeter-analysis-maven-plugin
https://github.com/gooddata/gooddata-cl,gooddata/gooddata-cl
https://github.com/jayway/awaitility,jayway/awaitility
https://github.com/sailthru/sailthru-java-client,sailthru/sailthru-java-client
https://github.com/jenkinsci/maven-hpi-plugin,jenkinsci/maven-hpi-plugin
https://github.com/jakewharton/disklrucache,jakewharton/disklrucache
https://github.com/reinert/jjschema,reinert/jjschema
https://github.com/geosolutions-it/geoserver-manager,geosolutions-it/geoserver-manager
https://github.com/romix/java-concurrent-hash-trie-map,romix/java-concurrent-hash-trie-map
https://github.com/brooklyncentral/clocker,brooklyncentral/clocker
https://github.com/jenkinsci/ant-plugin,jenkinsci/ant-plugin
https://github.com/vandurme/jerboa,vandurme/jerboa
https://github.com/samskivert/jmustache,samskivert/jmustache
https://github.com/flyingsaucerproject/flyingsaucer,flyingsaucerproject/flyingsaucer
https://github.com/apache/jackrabbit,apache/jackrabbit
https://github.com/dvcama/lodview,dvcama/lodview
https://github.com/pax95/camel-ironmq,pax95/camel-ironmq
https://github.com/arcbees/gwtchosen,arcbees/gwtchosen
https://github.com/jsevellec/cassandra-unit,jsevellec/cassandra-unit
https://github.com/killme2008/xmemcached,killme2008/xmemcached
https://github.com/ipeirotis/get-another-label,ipeirotis/get-another-label
https://github.com/dieselpoint/norm,dieselpoint/norm
https://github.com/rometools/rome,rometools/rome
https://github.com/coutume/imageonmap,coutume/imageonmap
https://github.com/skyscreamer/yoga,skyscreamer/yoga
https://github.com/jenkinsci/plot-plugin,jenkinsci/plot-plugin
https://github.com/jenkinsci/jobconfighistory-plugin,jenkinsci/jobconfighistory-plugin
https://github.com/barend/java-iban,barend/java-iban
https://github.com/mycila/license-maven-plugin,mycila/license-maven-plugin
https://github.com/jboss-msc/jboss-msc,jboss-msc/jboss-msc
https://github.com/jinahya/bit-io,jinahya/bit-io
https://github.com/jsimone/webapp-runner,jsimone/webapp-runner
https://github.com/movsim/movsim,movsim/movsim
https://github.com/jdkcn/jabberer,jdkcn/jabberer
https://github.com/rtyley/android-viewholder-listviews,rtyley/android-viewholder-listviews
https://github.com/jfrogdev/teamcity-artifactory-plugin,jfrogdev/teamcity-artifactory-plugin
https://github.com/tridentsdk/tridentsdk,tridentsdk/tridentsdk
https://github.com/kolorobot/spring-mvc-quickstart-archetype,kolorobot/spring-mvc-quickstart-archetype
https://github.com/arimus/jmimemagic,arimus/jmimemagic
https://github.com/jasig/java-cas-client,jasig/java-cas-client
https://github.com/mahoney/slf4j-test,mahoney/slf4j-test
https://github.com/twilio/twilio-java,twilio/twilio-java
https://github.com/zeroturnaround/zt-zip,zeroturnaround/zt-zip
https://github.com/jingwei/krati,jingwei/krati
https://github.com/basho/riak-java-client,basho/riak-java-client
https://github.com/onebusaway/onebusaway-application-modules,onebusaway/onebusaway-application-modules
https://github.com/stapler/stapler,stapler/stapler
https://github.com/broadleafcommerce/broadleafcommerce,broadleafcommerce/broadleafcommerce
https://github.com/garbagemule/mobarena,garbagemule/mobarena
https://github.com/bguerout/jongo,bguerout/jongo
https://github.com/zxing/zxing,zxing/zxing
https://github.com/jenkinsci/ldap-plugin,jenkinsci/ldap-plugin
https://github.com/brettflan/worldborder,brettflan/worldborder
https://github.com/fernandezpablo85/scribe-java,fernandezpablo85/scribe-java
https://github.com/clojure/clojure,clojure/clojure
https://github.com/plutext/docx4j,plutext/docx4j
https://github.com/openmicroscopy/bioformats,openmicroscopy/bioformats
https://github.com/antlr/grammars-v4,antlr/grammars-v4
https://github.com/awaitility/awaitility,awaitility/awaitility
https://github.com/bastillion-io/bastillion,bastillion-io/bastillion
https://github.com/deathmarine/luyten,deathmarine/luyten
https://github.com/elasticjob/elastic-job-lite,elasticjob/elastic-job-lite
https://github.com/google/google-java-format,google/google-java-format
https://github.com/jgrapht/jgrapht,jgrapht/jgrapht
https://github.com/jhalterman/failsafe,jhalterman/failsafe
https://github.com/junit-team/junit4,junit-team/junit4
https://github.com/kevin-wayne/algs4,kevin-wayne/algs4
https://github.com/kong/unirest-java,kong/unirest-java
https://github.com/linlinjava/litemall,linlinjava/litemall
https://github.com/logstash/logstash-logback-encoder,logstash/logstash-logback-encoder
https://github.com/mpusher/mpush,mpusher/mpush
https://github.com/ninjudd/drip,ninjudd/drip
https://github.com/openapitools/openapi-generator,openapitools/openapi-generator
https://github.com/pagehelper/mybatis-pagehelper,pagehelper/mybatis-pagehelper
https://github.com/pmd/pmd,pmd/pmd
https://github.com/roncoo/roncoo-pay,roncoo/roncoo-pay
https://github.com/rubenlagus/telegrambots,rubenlagus/telegrambots
https://github.com/runelite/runelite,runelite/runelite
https://github.com/shopizer-ecommerce/shopizer,shopizer-ecommerce/shopizer
https://github.com/spotify/apollo,spotify/apollo
https://github.com/spring-projects/spring-data-elasticsearch,spring-projects/spring-data-elasticsearch
https://github.com/thealgorithms/java,thealgorithms/java
https://github.com/thinkgem/jeesite,thinkgem/jeesite
https://github.com/vdurmont/emoji-java,vdurmont/emoji-java
https://github.com/verbalexpressions/javaverbalexpressions,verbalexpressions/javaverbalexpressions
https://github.com/vipshop/saturn,vipshop/saturn
https://github.com/xuxueli/xxl-job,xuxueli/xxl-job
https://github.com/yaphone/itchat4j,yaphone/itchat4j
https://github.com/inaiat/jqplot4java,inaiat/jqplot4java
https://github.com/mcmmo-dev/mcmmo,mcmmo-dev/mcmmo
https://github.com/douglasrodrigo/bfmapper,douglasrodrigo/bfmapper
https://github.com/greese/dasein-cloud-core,greese/dasein-cloud-core
https://github.com/tcurdt/jdeb,tcurdt/jdeb
https://github.com/mboudreau/alternator,mboudreau/alternator
https://github.com/alesaudate/kickstart-springjerseyhibernate,alesaudate/kickstart-springjerseyhibernate
https://github.com/gephi/gephi,gephi/gephi
https://github.com/rnewson/couchdb-lucene,rnewson/couchdb-lucene
https://github.com/adangel/pmd,adangel/pmd
https://github.com/dynjs/dynjs,dynjs/dynjs
https://github.com/auth0/java-jwt,auth0/java-jwt
https://github.com/biezhi/30-seconds-of-java8,biezhi/30-seconds-of-java8
https://github.com/elunez/eladmin,elunez/eladmin
https://github.com/esotericsoftware/kryo,esotericsoftware/kryo
https://github.com/j-easy/easy-rules,j-easy/easy-rules
https://github.com/javen205/ijpay,javen205/ijpay
https://github.com/qihoo360/xlearning,qihoo360/xlearning
https://github.com/qunarcorp/qmq,qunarcorp/qmq
https://github.com/sofastack/sofa-bolt,sofastack/sofa-bolt
https://github.com/spotify/dockerfile-maven,spotify/dockerfile-maven
https://github.com/swagger-api/swagger-codegen,swagger-api/swagger-codegen
https://github.com/sonatype/plexus-compiler,sonatype/plexus-compiler
https://github.com/apache/avro,apache/avro
https://github.com/nanohttpd/nanohttpd,nanohttpd/nanohttpd
https://github.com/soabase/exhibitor,soabase/exhibitor
https://github.com/jenkinsci/active-directory-plugin,jenkinsci/active-directory-plugin
https://github.com/lettuce-io/lettuce-core,lettuce-io/lettuce-core
https://github.com/mojohaus/exec-maven-plugin,mojohaus/exec-maven-plugin
https://github.com/openzipkin/zipkin,openzipkin/zipkin
https://github.com/tipsy/javalin,tipsy/javalin
https://github.com/wizzercn/nutzwk,wizzercn/nutzwk
https://github.com/alibaba/easyexcel,alibaba/easyexcel
https://github.com/ffay/lanproxy,ffay/lanproxy
https://github.com/jvm-profiling-tools/async-profiler,jvm-profiling-tools/async-profiler
https://github.com/texasdigitallibrary/vireo,texasdigitallibrary/vireo
https://github.com/newbee-ltd/newbee-mall,newbee-ltd/newbee-mall
https://github.com/scribejava/scribejava,scribejava/scribejava
https://github.com/fluentlenium/fluentlenium,fluentlenium/fluentlenium
https://github.com/athou/commafeed,athou/commafeed
https://github.com/nepxion/discovery,nepxion/discovery
https://github.com/moquette-io/moquette,moquette-io/moquette
https://github.com/helpscout/helpscout-api-java,helpscout/helpscout-api-java
https://github.com/jtablesaw/tablesaw,jtablesaw/tablesaw
